[
  {
    "key": "v3-giat-maju",
    "label": "V3 GIAT MAJU",
    "file": "v3-giat-maju.pdf",
    "fieldMap": {
      "1": "pekerjaan_tel",
      "2": "pemohon_tel",
      "3": "pekerjaan_alamat",
      "1_2": "pekerjaan_alamat",
      "2_2": "pekerjaan_alamat",
      "No Gaji": "pekerjaan_gaji",
      "Alamat Kediaman": "pemohon_alamat",
      "NoTel": "pemohon_tel",
      "Nama suami  isteri pemohon": "pasangan_nama",
      "No KP Baru": "pasangan_ic",
      "Tel Pejabat 2": "pasangan_tel_pejabat",
      "Tel Bimbit": "pasangan_tel",
      "Nama Saudara": "saudara_nama",
      "No Tel": "saudara_tel",
      "Alamat 1": "saudara_alamat",
      "Alamat 2": "saudara_alamat",
      "Hubungan": "saudara_pertalian",
      "Alamat Kediaman 1": "pemohon_alamat",
      "Alamat Kediaman 2": "pemohon_alamat",
      "Nama Pemohon": "pemohon_nama",
      "Text1": "pemohon_ic",
      "Text7": "pasangan_gaji",
      "Text10": "pekerjaan_majikan",
      "Text12": "pasangan_jawatan"
    }
  },
  {
    "key": "mbsb-form-new",
    "label": "MBSB FORM NEW",
    "file": "mbsb-form-new.pdf",
    "fieldMap": {
      "Nama": "pemohon_nama",
      "No KP": "pemohon_ic",
      "Text160": "pemohon_nama",
      "Text161": "pemohon_nama",
      "Text162": "pemohon_nama",
      "Text165": "pemohon_ic",
      "Text167": "pemohon_warganegara",
      "Text168": "pemohon_umur",
      "Text169": "pemohon_jantina",
      "Text179": "pemohon_alamat",
      "Text180": "pemohon_alamat",
      "Text181": "pemohon_alamat",
      "Text184": "pemohon_tarikh_lahir",
      "Text192": "saudara_nama",
      "Text193": "saudara_alamat",
      "Text194": "saudara_alamat",
      "Text195": "saudara_pertalian",
      "Text196": "saudara_tel",
      "Text197": "pekerjaan_majikan",
      "Text198": "pekerjaan_alamat",
      "Text199": "pekerjaan_alamat",
      "Text220": "pasangan_nama",
      "Text221": "pasangan_ic",
      "Text223": "pasangan_alamat_majikan",
      "Text224": "pasangan_tel_pejabat",
      "Text225": "pasangan_jawatan",
      "Text226": "pasangan_gaji"
    }
  },
  {
    "key": "application-form-1",
    "label": "APPLICATION FORM (1)",
    "file": "application-form-1.pdf",
    "fieldMap": {}
  },
  {
    "key": "e-form-kospem-kopsya",
    "label": "E FORM KOSPEM KOPSYA",
    "file": "e-form-kospem-kopsya.pdf",
    "fieldMap": {
      "4": "pasangan_nama",
      "5": "pasangan_ic",
      "Text6": "pemohon_tarikh_lahir",
      "Text7": "pemohon_tarikh_lahir",
      "Text8": "pemohon_warganegara",
      "Text9": "pemohon_tanggungan",
      "Text10": "pekerjaan_jawatan",
      "Text14": "pemohon_warganegara",
      "Text15": "pemohon_tel",
      "Text20": "pekerjaan_tel",
      "Text21": "pemohon_tel",
      "Text24": "pekerjaan_gaji",
      "Text26": "pekerjaan_majikan",
      "Text27": "pekerjaan_alamat",
      "Text28": "pekerjaan_alamat",
      "Text29": "saudara_nama",
      "Text30": "saudara_alamat",
      "Date32_af_date": "pemohon_tarikh_lahir",
      "Text42": "pemohon_nama",
      "Text43": "pemohon_nama",
      "Text44": "pemohon_nama",
      "Text45": "pemohon_ic",
      "Text46": "pekerjaan_alamat",
      "Text47": "pekerjaan_alamat",
      "Text48": "pekerjaan_alamat",
      "Text49": "saudara_alamat",
      "Text50": "pasangan_alamat_majikan",
      "Text51": "pasangan_jawatan",
      "Text52": "pasangan_gaji",
      "Text53": "pasangan_tel_pejabat",
      "Text2": "pemohon_alamat",
      "Text1": "pemohon_alamat",
      "Text3": "pemohon_alamat",
      "Text4": "pemohon_alamat",
      "Text5": "pemohon_alamat"
    }
  },
  {
    "key": "komuja-coop-new-form",
    "label": "KOMUJA (COOP) NEW FORM",
    "file": "komuja-coop-new-form.pdf",
    "fieldMap": {}
  }
]